[{"id":1,"first_name":"Drucy","last_name":"Hayton","email":"dhayton0@paginegialle.it","date_of_birth":"2020-05-16T19:46:50Z","age":37,"country":"Indonesia","phone":"738-612-3924"},
{"id":2,"first_name":"Hilde","last_name":"Batty","email":"hbatty1@newyorker.com","date_of_birth":"2001-03-25T15:06:12Z","age":51,"country":"China","phone":"304-244-5872"},
{"id":3,"first_name":"Clarance","last_name":"Eyre","email":"ceyre2@theatlantic.com","date_of_birth":"1980-10-07T00:55:06Z","age":48,"country":"Indonesia","phone":"376-279-9419"},
{"id":4,"first_name":"Kara","last_name":"Sedgwick","email":"ksedgwick3@naver.com","date_of_birth":"2012-04-07T13:32:23Z","age":40,"country":"Indonesia","phone":"181-444-9581"},
{"id":5,"first_name":"Joye","last_name":"Trevena","email":"jtrevena4@cbsnews.com","date_of_birth":"1982-07-02T20:39:11Z","age":35,"country":"Russia","phone":"392-769-1144"},
{"id":6,"first_name":"Culver","last_name":"Mushett","email":"cmushett5@theglobeandmail.com","date_of_birth":"1973-04-30T16:16:55Z","age":38,"country":"Nicaragua","phone":"178-134-5402"},
{"id":7,"first_name":"Clim","last_name":"Castletine","email":"ccastletine6@noaa.gov","date_of_birth":"1983-06-15T09:48:31Z","age":47,"country":"Honduras","phone":"374-249-7576"},
{"id":8,"first_name":"Iggie","last_name":"Moyers","email":"imoyers7@ibm.com","date_of_birth":"2000-01-04T03:41:55Z","age":20,"country":"China","phone":"508-801-8944"},
{"id":9,"first_name":"Jonie","last_name":"Britner","email":"jbritner8@reference.com","date_of_birth":"2013-05-12T04:40:59Z","age":37,"country":"China","phone":"920-990-8516"},
{"id":10,"first_name":"Renaldo","last_name":"Hankard","email":"rhankard9@europa.eu","date_of_birth":"2008-06-03T21:05:22Z","age":30,"country":"Indonesia","phone":"956-668-5817"},
{"id":11,"first_name":"Everett","last_name":"Paddon","email":"epaddona@time.com","date_of_birth":"2009-11-26T03:21:14Z","age":45,"country":"Russia","phone":"844-827-3325"},
{"id":12,"first_name":"Jard","last_name":"Brandli","email":"jbrandlib@twitpic.com","date_of_birth":"2010-10-12T05:23:48Z","age":22,"country":"Poland","phone":"822-979-1526"},
{"id":13,"first_name":"Nan","last_name":"Tenant","email":"ntenantc@dion.ne.jp","date_of_birth":"2009-08-01T05:30:45Z","age":24,"country":"Philippines","phone":"841-477-4634"},
{"id":14,"first_name":"Jennie","last_name":"Cowterd","email":"jcowterdd@ning.com","date_of_birth":"1978-05-17T10:12:59Z","age":57,"country":"Israel","phone":"318-728-1768"},
{"id":15,"first_name":"Warren","last_name":"Aujean","email":"waujeane@ezinearticles.com","date_of_birth":"1976-05-06T07:58:17Z","age":30,"country":"China","phone":"586-526-3499"},
{"id":16,"first_name":"Iona","last_name":"Jewell","email":"ijewellf@elegantthemes.com","date_of_birth":"1992-02-08T07:20:57Z","age":26,"country":"China","phone":"689-178-5625"},
{"id":17,"first_name":"Jorrie","last_name":"Billing","email":"jbillingg@stumbleupon.com","date_of_birth":"1972-04-10T14:31:55Z","age":50,"country":"China","phone":"945-888-4491"},
{"id":18,"first_name":"Tedd","last_name":"Mumbey","email":"tmumbeyh@studiopress.com","date_of_birth":"1995-12-10T06:35:47Z","age":54,"country":"China","phone":"826-369-7847"},
{"id":19,"first_name":"Skippie","last_name":"Steel","email":"ssteeli@weebly.com","date_of_birth":"1988-02-07T00:45:02Z","age":36,"country":"China","phone":"497-574-0873"},
{"id":20,"first_name":"Linnea","last_name":"Shenton","email":"lshentonj@goo.gl","date_of_birth":"2007-12-25T00:37:49Z","age":43,"country":"Madagascar","phone":"114-483-9835"},
{"id":21,"first_name":"Leoine","last_name":"Ormiston","email":"lormistonk@de.vu","date_of_birth":"2007-04-05T12:07:38Z","age":18,"country":"Armenia","phone":"143-384-8157"},
{"id":22,"first_name":"Lionel","last_name":"Bysouth","email":"lbysouthl@bloglines.com","date_of_birth":"1989-04-01T07:12:46Z","age":29,"country":"Russia","phone":"231-683-6229"},
{"id":23,"first_name":"Levin","last_name":"Daykin","email":"ldaykinm@skyrock.com","date_of_birth":"1985-09-05T20:29:29Z","age":50,"country":"Indonesia","phone":"196-635-6061"},
{"id":24,"first_name":"Meggy","last_name":"Cutteridge","email":"mcutteridgen@amazon.co.jp","date_of_birth":"1975-02-03T14:32:33Z","age":53,"country":"Azerbaijan","phone":"477-273-8769"},
{"id":25,"first_name":"Ricky","last_name":"Mouan","email":"rmouano@baidu.com","date_of_birth":"1972-10-15T15:44:37Z","age":32,"country":"Japan","phone":"968-379-2826"},
{"id":26,"first_name":"Guglielmo","last_name":"Phipson","email":"gphipsonp@a8.net","date_of_birth":"1976-07-13T23:02:13Z","age":38,"country":"Russia","phone":"871-494-3649"},
{"id":27,"first_name":"Karola","last_name":"Limb","email":"klimbq@comsenz.com","date_of_birth":"1980-06-13T13:55:09Z","age":23,"country":"Argentina","phone":"674-369-6698"},
{"id":28,"first_name":"Orran","last_name":"Corbishley","email":"ocorbishleyr@devhub.com","date_of_birth":"1972-03-03T00:46:44Z","age":22,"country":"Brazil","phone":"408-369-0350"},
{"id":29,"first_name":"Kenn","last_name":"McGray","email":"kmcgrays@t-online.de","date_of_birth":"2004-03-16T17:51:48Z","age":31,"country":"Serbia","phone":"449-475-6522"},
{"id":30,"first_name":"Wit","last_name":"Durran","email":"wdurrant@amazon.de","date_of_birth":"1981-03-12T05:35:00Z","age":41,"country":"Peru","phone":"587-603-4935"},
{"id":31,"first_name":"Doralynne","last_name":"Glover","email":"dgloveru@slate.com","date_of_birth":"1998-03-30T18:50:46Z","age":30,"country":"China","phone":"908-711-8157"},
{"id":32,"first_name":"Tiffi","last_name":"Outlaw","email":"toutlawv@nationalgeographic.com","date_of_birth":"1994-03-11T09:11:58Z","age":33,"country":"Mexico","phone":"416-555-0747"},
{"id":33,"first_name":"Oren","last_name":"Dundredge","email":"odundredgew@cisco.com","date_of_birth":"1984-07-17T08:39:14Z","age":34,"country":"Nigeria","phone":"831-629-7814"},
{"id":34,"first_name":"Darya","last_name":"Glencross","email":"dglencrossx@webs.com","date_of_birth":"2003-09-02T00:19:49Z","age":36,"country":"North Korea","phone":"291-270-4006"},
{"id":35,"first_name":"Clerc","last_name":"Smoth","email":"csmothy@surveymonkey.com","date_of_birth":"1980-02-11T02:08:02Z","age":18,"country":"Philippines","phone":"392-835-9737"},
{"id":36,"first_name":"Isadore","last_name":"Cork","email":"icorkz@globo.com","date_of_birth":"1979-06-23T06:55:26Z","age":34,"country":"Portugal","phone":"781-128-7762"},
{"id":37,"first_name":"Ardelia","last_name":"Meuse","email":"ameuse10@twitpic.com","date_of_birth":"1994-10-23T20:42:59Z","age":25,"country":"Indonesia","phone":"204-576-8036"},
{"id":38,"first_name":"Phineas","last_name":"Dyke","email":"pdyke11@apache.org","date_of_birth":"1999-07-31T12:05:02Z","age":31,"country":"China","phone":"647-392-8180"},
{"id":39,"first_name":"Herminia","last_name":"Spires","email":"hspires12@behance.net","date_of_birth":"1979-08-28T10:55:30Z","age":28,"country":"Nigeria","phone":"402-984-9660"},
{"id":40,"first_name":"Billy","last_name":"Blankley","email":"bblankley13@ca.gov","date_of_birth":"1986-02-27T09:19:56Z","age":41,"country":"Indonesia","phone":"659-463-2949"},
{"id":41,"first_name":"Saunderson","last_name":"Verrick","email":"sverrick14@vistaprint.com","date_of_birth":"2019-07-18T18:09:14Z","age":30,"country":"Greece","phone":"146-558-0260"},
{"id":42,"first_name":"Banky","last_name":"Dudman","email":"bdudman15@woothemes.com","date_of_birth":"1993-01-07T21:18:13Z","age":35,"country":"China","phone":"353-764-4800"},
{"id":43,"first_name":"Max","last_name":"Sharma","email":"msharma16@wiley.com","date_of_birth":"1971-05-05T08:24:10Z","age":57,"country":"China","phone":"935-280-1346"},
{"id":44,"first_name":"Trula","last_name":"Scutching","email":"tscutching17@tripadvisor.com","date_of_birth":"2007-04-12T20:49:11Z","age":18,"country":"Tunisia","phone":"835-820-5682"},
{"id":45,"first_name":"Estelle","last_name":"Iianon","email":"eiianon18@seattletimes.com","date_of_birth":"2003-02-14T01:09:50Z","age":36,"country":"Dominican Republic","phone":"245-777-2260"},
{"id":46,"first_name":"Galven","last_name":"Flury","email":"gflury19@studiopress.com","date_of_birth":"2016-08-20T13:48:29Z","age":33,"country":"China","phone":"521-532-6945"},
{"id":47,"first_name":"Pepi","last_name":"Mersey","email":"pmersey1a@globo.com","date_of_birth":"1986-04-05T20:34:39Z","age":33,"country":"France","phone":"763-355-3194"},
{"id":48,"first_name":"Mathilda","last_name":"Etienne","email":"metienne1b@sitemeter.com","date_of_birth":"2018-07-15T03:29:08Z","age":56,"country":"China","phone":"437-157-5377"},
{"id":49,"first_name":"Kimberli","last_name":"Tarquini","email":"ktarquini1c@unicef.org","date_of_birth":"1989-05-17T16:59:49Z","age":46,"country":"Brazil","phone":"156-214-9691"},
{"id":50,"first_name":"Bartholomeus","last_name":"Domaschke","email":"bdomaschke1d@youtu.be","date_of_birth":"2014-04-24T10:33:00Z","age":49,"country":"China","phone":"980-643-4938"},
{"id":51,"first_name":"Cosette","last_name":"Firsby","email":"cfirsby1e@auda.org.au","date_of_birth":"1984-08-31T01:13:25Z","age":54,"country":"China","phone":"390-701-8879"},
{"id":52,"first_name":"Hermann","last_name":"Lyvon","email":"hlyvon1f@friendfeed.com","date_of_birth":"2000-09-13T03:58:42Z","age":41,"country":"Indonesia","phone":"863-653-8251"},
{"id":53,"first_name":"Karel","last_name":"Bailes","email":"kbailes1g@dailymotion.com","date_of_birth":"1993-02-02T03:09:10Z","age":22,"country":"Dominican Republic","phone":"139-457-0193"},
{"id":54,"first_name":"Paulie","last_name":"Sivior","email":"psivior1h@nymag.com","date_of_birth":"1988-12-28T06:42:38Z","age":34,"country":"Indonesia","phone":"113-726-3962"},
{"id":55,"first_name":"Cathlene","last_name":"Pool","email":"cpool1i@hao123.com","date_of_birth":"1996-05-08T16:26:28Z","age":42,"country":"United Kingdom","phone":"817-483-5467"},
{"id":56,"first_name":"Brande","last_name":"Chattell","email":"bchattell1j@github.io","date_of_birth":"2000-04-25T05:08:09Z","age":55,"country":"Czech Republic","phone":"910-753-6509"},
{"id":57,"first_name":"Kat","last_name":"Hirth","email":"khirth1k@xing.com","date_of_birth":"2006-03-17T23:51:47Z","age":31,"country":"China","phone":"683-701-5149"},
{"id":58,"first_name":"Olimpia","last_name":"Worsall","email":"oworsall1l@google.nl","date_of_birth":"2007-01-09T01:42:22Z","age":53,"country":"China","phone":"201-753-4235"},
{"id":59,"first_name":"Georges","last_name":"Coots","email":"gcoots1m@behance.net","date_of_birth":"1992-05-30T09:01:32Z","age":20,"country":"Tajikistan","phone":"113-274-1587"},
{"id":60,"first_name":"Hayward","last_name":"Hulks","email":"hhulks1n@pbs.org","date_of_birth":"2001-07-08T22:00:18Z","age":58,"country":"Brazil","phone":"929-487-5229"},
{"id":61,"first_name":"Sayre","last_name":"Curado","email":"scurado1o@bing.com","date_of_birth":"2005-10-18T17:00:09Z","age":33,"country":"Philippines","phone":"726-174-4009"},
{"id":62,"first_name":"Lorilyn","last_name":"Hunsworth","email":"lhunsworth1p@guardian.co.uk","date_of_birth":"1972-07-14T06:23:11Z","age":19,"country":"China","phone":"393-612-7502"},
{"id":63,"first_name":"Austin","last_name":"Guiel","email":"aguiel1q@examiner.com","date_of_birth":"1996-10-25T22:46:42Z","age":36,"country":"Poland","phone":"435-322-7031"},
{"id":64,"first_name":"Bonita","last_name":"Moorey","email":"bmoorey1r@1und1.de","date_of_birth":"1985-09-28T20:40:26Z","age":42,"country":"Indonesia","phone":"441-751-4766"},
{"id":65,"first_name":"Sarena","last_name":"Durrad","email":"sdurrad1s@yellowpages.com","date_of_birth":"1976-12-30T02:59:01Z","age":30,"country":"China","phone":"132-957-8503"},
{"id":66,"first_name":"Dugald","last_name":"Huikerby","email":"dhuikerby1t@i2i.jp","date_of_birth":"2016-03-25T07:37:40Z","age":48,"country":"Japan","phone":"625-405-7668"},
{"id":67,"first_name":"Hettie","last_name":"Casine","email":"hcasine1u@boston.com","date_of_birth":"2019-05-24T00:01:23Z","age":52,"country":"France","phone":"314-592-7448"},
{"id":68,"first_name":"Saxon","last_name":"Brattan","email":"sbrattan1v@a8.net","date_of_birth":"1974-03-16T11:49:05Z","age":29,"country":"China","phone":"162-459-1583"},
{"id":69,"first_name":"Sutherlan","last_name":"Manntschke","email":"smanntschke1w@census.gov","date_of_birth":"1981-12-28T15:20:40Z","age":40,"country":"Costa Rica","phone":"635-885-7841"},
{"id":70,"first_name":"Patrica","last_name":"Smithers","email":"psmithers1x@springer.com","date_of_birth":"1984-05-08T10:29:24Z","age":54,"country":"Sweden","phone":"894-837-2144"},
{"id":71,"first_name":"Sarge","last_name":"Wehnerr","email":"swehnerr1y@netlog.com","date_of_birth":"2006-08-06T21:53:11Z","age":46,"country":"Lithuania","phone":"509-615-9845"},
{"id":72,"first_name":"Gil","last_name":"Dowthwaite","email":"gdowthwaite1z@storify.com","date_of_birth":"2003-03-29T17:59:10Z","age":35,"country":"Indonesia","phone":"406-168-2642"},
{"id":73,"first_name":"Anthia","last_name":"Colgan","email":"acolgan20@topsy.com","date_of_birth":"1979-04-18T16:24:31Z","age":37,"country":"Russia","phone":"375-258-5753"},
{"id":74,"first_name":"Maurine","last_name":"Micallef","email":"mmicallef21@imdb.com","date_of_birth":"2004-09-09T14:57:47Z","age":57,"country":"Uzbekistan","phone":"908-993-0369"},
{"id":75,"first_name":"Ring","last_name":"Girth","email":"rgirth22@clickbank.net","date_of_birth":"1999-10-09T12:33:23Z","age":20,"country":"Philippines","phone":"386-784-9743"},
{"id":76,"first_name":"Shawna","last_name":"Alwood","email":"salwood23@pinterest.com","date_of_birth":"1992-01-05T07:46:36Z","age":18,"country":"Mexico","phone":"384-620-3722"},
{"id":77,"first_name":"Cassy","last_name":"Lubomirski","email":"clubomirski24@istockphoto.com","date_of_birth":"2018-12-04T00:38:03Z","age":35,"country":"Philippines","phone":"937-626-3828"},
{"id":78,"first_name":"Marissa","last_name":"Wernher","email":"mwernher25@comcast.net","date_of_birth":"1992-09-14T05:52:32Z","age":22,"country":"Brazil","phone":"542-671-4239"},
{"id":79,"first_name":"Nananne","last_name":"Lourens","email":"nlourens26@microsoft.com","date_of_birth":"2015-05-17T22:37:01Z","age":57,"country":"China","phone":"987-673-8378"},
{"id":80,"first_name":"Teodoro","last_name":"Matthisson","email":"tmatthisson27@virginia.edu","date_of_birth":"1986-07-29T06:02:08Z","age":42,"country":"Czech Republic","phone":"842-932-9796"},
{"id":81,"first_name":"Tabbitha","last_name":"Placido","email":"tplacido28@latimes.com","date_of_birth":"2005-04-09T21:55:32Z","age":52,"country":"Ivory Coast","phone":"878-362-3453"},
{"id":82,"first_name":"Farrand","last_name":"Scoon","email":"fscoon29@cpanel.net","date_of_birth":"2015-05-13T18:29:03Z","age":37,"country":"China","phone":"670-131-7954"},
{"id":83,"first_name":"Brocky","last_name":"Dani","email":"bdani2a@hao123.com","date_of_birth":"1976-11-29T19:32:02Z","age":27,"country":"Brazil","phone":"819-594-5330"},
{"id":84,"first_name":"Gates","last_name":"Stripling","email":"gstripling2b@mapquest.com","date_of_birth":"2006-04-05T21:15:06Z","age":55,"country":"Finland","phone":"786-549-0575"},
{"id":85,"first_name":"Evin","last_name":"Chaulk","email":"echaulk2c@bluehost.com","date_of_birth":"2013-10-07T07:32:13Z","age":50,"country":"Ivory Coast","phone":"681-854-2500"},
{"id":86,"first_name":"Donna","last_name":"Habron","email":"dhabron2d@salon.com","date_of_birth":"2007-05-06T11:36:22Z","age":57,"country":"Kenya","phone":"498-957-2842"},
{"id":87,"first_name":"Siobhan","last_name":"Andreucci","email":"sandreucci2e@princeton.edu","date_of_birth":"1976-02-12T00:35:00Z","age":54,"country":"Russia","phone":"572-332-2321"},
{"id":88,"first_name":"Jillian","last_name":"Stebbings","email":"jstebbings2f@answers.com","date_of_birth":"1982-06-15T21:02:56Z","age":29,"country":"Brazil","phone":"715-191-1401"},
{"id":89,"first_name":"Trix","last_name":"Ewart","email":"tewart2g@rakuten.co.jp","date_of_birth":"2003-03-16T07:35:07Z","age":25,"country":"China","phone":"802-390-1663"},
{"id":90,"first_name":"Alexa","last_name":"Gynne","email":"agynne2h@twitter.com","date_of_birth":"2006-11-03T19:52:38Z","age":21,"country":"Chile","phone":"672-437-2929"},
{"id":91,"first_name":"Cassey","last_name":"Zucker","email":"czucker2i@histats.com","date_of_birth":"1975-10-27T01:42:14Z","age":29,"country":"Russia","phone":"762-882-2801"},
{"id":92,"first_name":"Blake","last_name":"Shillaker","email":"bshillaker2j@ucoz.ru","date_of_birth":"1985-09-16T11:09:26Z","age":29,"country":"Ukraine","phone":"838-669-6015"},
{"id":93,"first_name":"Yevette","last_name":"Martello","email":"ymartello2k@theatlantic.com","date_of_birth":"2006-10-11T09:37:02Z","age":29,"country":"Albania","phone":"320-786-8158"},
{"id":94,"first_name":"Yehudi","last_name":"Every","email":"yevery2l@tiny.cc","date_of_birth":"2020-04-05T12:24:55Z","age":32,"country":"Guinea-Bissau","phone":"737-975-4274"},
{"id":95,"first_name":"Rosemonde","last_name":"Yelland","email":"ryelland2m@dell.com","date_of_birth":"1992-04-14T21:52:45Z","age":20,"country":"Nigeria","phone":"714-960-1255"},
{"id":96,"first_name":"Brendin","last_name":"Peppin","email":"bpeppin2n@netvibes.com","date_of_birth":"2007-12-27T14:19:33Z","age":46,"country":"Brazil","phone":"584-551-7391"},
{"id":97,"first_name":"Ermina","last_name":"Wickrath","email":"ewickrath2o@skyrock.com","date_of_birth":"1996-04-12T23:50:38Z","age":53,"country":"China","phone":"860-298-6832"},
{"id":98,"first_name":"Bobbye","last_name":"Focke","email":"bfocke2p@shinystat.com","date_of_birth":"2001-08-24T04:19:05Z","age":55,"country":"Philippines","phone":"182-260-7624"},
{"id":99,"first_name":"Rivalee","last_name":"Oddey","email":"roddey2q@4shared.com","date_of_birth":"2019-03-11T01:05:02Z","age":47,"country":"Russia","phone":"967-774-5585"},
{"id":100,"first_name":"Denny","last_name":"Book","email":"dbook2r@infoseek.co.jp","date_of_birth":"1988-11-15T02:28:45Z","age":42,"country":"Peru","phone":"589-705-1573"},
{"id":101,"first_name":"Becca","last_name":"Ivanaev","email":"bivanaev2s@cbc.ca","date_of_birth":"1998-05-27T17:06:15Z","age":35,"country":"China","phone":"431-365-3668"},
{"id":102,"first_name":"Lynsey","last_name":"Bullimore","email":"lbullimore2t@wix.com","date_of_birth":"1972-08-03T05:13:38Z","age":49,"country":"Russia","phone":"741-609-5433"},
{"id":103,"first_name":"Eldin","last_name":"Wimlett","email":"ewimlett2u@behance.net","date_of_birth":"2015-12-10T17:43:03Z","age":24,"country":"Indonesia","phone":"481-651-3194"},
{"id":104,"first_name":"Andra","last_name":"Fernier","email":"afernier2v@chron.com","date_of_birth":"1975-01-08T17:20:59Z","age":48,"country":"Kosovo","phone":"168-827-2750"},
{"id":105,"first_name":"Louisa","last_name":"Farahar","email":"lfarahar2w@goo.ne.jp","date_of_birth":"1974-03-01T07:15:05Z","age":24,"country":"Sweden","phone":"474-511-9647"},
{"id":106,"first_name":"Jeanelle","last_name":"Pocknoll","email":"jpocknoll2x@bravesites.com","date_of_birth":"2010-02-11T14:44:54Z","age":32,"country":"France","phone":"388-711-0931"},
{"id":107,"first_name":"Bertina","last_name":"Goodwill","email":"bgoodwill2y@edublogs.org","date_of_birth":"2010-12-19T12:09:45Z","age":19,"country":"Indonesia","phone":"881-212-5385"},
{"id":108,"first_name":"Eugenius","last_name":"Garrould","email":"egarrould2z@noaa.gov","date_of_birth":"2001-03-08T08:13:30Z","age":30,"country":"Indonesia","phone":"843-351-2350"},
{"id":109,"first_name":"Olenolin","last_name":"Coils","email":"ocoils30@uol.com.br","date_of_birth":"2005-05-04T11:48:46Z","age":39,"country":"Ireland","phone":"124-134-6962"},
{"id":110,"first_name":"Magdaia","last_name":"Clapison","email":"mclapison31@sina.com.cn","date_of_birth":"1988-05-17T03:39:23Z","age":26,"country":"Colombia","phone":"964-408-2427"},
{"id":111,"first_name":"Dredi","last_name":"Cantopher","email":"dcantopher32@msu.edu","date_of_birth":"2006-10-30T23:21:28Z","age":25,"country":"China","phone":"384-540-7800"},
{"id":112,"first_name":"Zitella","last_name":"Measom","email":"zmeasom33@irs.gov","date_of_birth":"1992-11-19T12:02:27Z","age":45,"country":"Angola","phone":"376-542-2449"},
{"id":113,"first_name":"Karissa","last_name":"Playden","email":"kplayden34@timesonline.co.uk","date_of_birth":"2018-12-25T22:10:46Z","age":31,"country":"Venezuela","phone":"446-144-9272"},
{"id":114,"first_name":"Chilton","last_name":"Asling","email":"casling35@discuz.net","date_of_birth":"1975-12-15T18:50:13Z","age":31,"country":"United States","phone":"703-244-1028"},
{"id":115,"first_name":"Jannelle","last_name":"Rudledge","email":"jrudledge36@soundcloud.com","date_of_birth":"1976-09-04T04:23:31Z","age":24,"country":"Bolivia","phone":"244-960-6543"},
{"id":116,"first_name":"Cammy","last_name":"Jenteau","email":"cjenteau37@sun.com","date_of_birth":"1995-06-10T01:55:35Z","age":26,"country":"United States","phone":"712-891-0427"},
{"id":117,"first_name":"Steve","last_name":"Ends","email":"sends38@salon.com","date_of_birth":"2017-01-30T00:36:05Z","age":48,"country":"Philippines","phone":"132-606-1367"},
{"id":118,"first_name":"Wheeler","last_name":"Carrane","email":"wcarrane39@tripadvisor.com","date_of_birth":"1984-12-25T18:21:53Z","age":49,"country":"China","phone":"450-133-2306"},
{"id":119,"first_name":"Caritta","last_name":"Gyde","email":"cgyde3a@unblog.fr","date_of_birth":"2005-05-30T05:13:10Z","age":18,"country":"Indonesia","phone":"567-655-3716"},
{"id":120,"first_name":"Shelia","last_name":"Lodewick","email":"slodewick3b@pbs.org","date_of_birth":"2013-06-29T22:02:53Z","age":48,"country":"Barbados","phone":"355-462-1892"},
{"id":121,"first_name":"Camel","last_name":"Nevill","email":"cnevill3c@columbia.edu","date_of_birth":"2016-03-31T22:12:21Z","age":35,"country":"San Marino","phone":"145-700-4267"},
{"id":122,"first_name":"Alf","last_name":"Bounds","email":"abounds3d@chicagotribune.com","date_of_birth":"1995-11-21T21:19:54Z","age":31,"country":"China","phone":"497-323-4008"},
{"id":123,"first_name":"Yalonda","last_name":"Koubek","email":"ykoubek3e@engadget.com","date_of_birth":"1996-06-01T10:37:00Z","age":22,"country":"Indonesia","phone":"523-625-1444"},
{"id":124,"first_name":"Lilia","last_name":"Coleshill","email":"lcoleshill3f@prweb.com","date_of_birth":"2005-11-29T13:50:14Z","age":49,"country":"Ukraine","phone":"235-184-1859"},
{"id":125,"first_name":"Sigismundo","last_name":"Kemmish","email":"skemmish3g@tinypic.com","date_of_birth":"1990-07-09T12:11:10Z","age":56,"country":"France","phone":"666-884-9988"},
{"id":126,"first_name":"Else","last_name":"Deares","email":"edeares3h@indiegogo.com","date_of_birth":"1980-08-24T15:58:46Z","age":31,"country":"Indonesia","phone":"417-629-2822"},
{"id":127,"first_name":"Nadean","last_name":"Viccary","email":"nviccary3i@elegantthemes.com","date_of_birth":"1975-01-17T16:01:22Z","age":19,"country":"Russia","phone":"660-928-2816"},
{"id":128,"first_name":"Lizbeth","last_name":"Spurret","email":"lspurret3j@usgs.gov","date_of_birth":"1993-06-24T15:05:29Z","age":57,"country":"Portugal","phone":"935-548-1317"},
{"id":129,"first_name":"Vic","last_name":"Colebourne","email":"vcolebourne3k@wired.com","date_of_birth":"1986-05-08T01:46:39Z","age":38,"country":"South Africa","phone":"987-949-1617"},
{"id":130,"first_name":"Everett","last_name":"Formoy","email":"eformoy3l@craigslist.org","date_of_birth":"1997-06-03T06:37:59Z","age":38,"country":"Philippines","phone":"900-599-8324"},
{"id":131,"first_name":"Elizabeth","last_name":"Burlay","email":"eburlay3m@ft.com","date_of_birth":"1977-10-27T10:03:12Z","age":19,"country":"Russia","phone":"166-913-5267"},
{"id":132,"first_name":"Noland","last_name":"Taffarello","email":"ntaffarello3n@japanpost.jp","date_of_birth":"1988-04-07T22:07:19Z","age":55,"country":"China","phone":"338-643-1529"},
{"id":133,"first_name":"Garrett","last_name":"Rignold","email":"grignold3o@google.co.jp","date_of_birth":"1993-03-21T08:53:09Z","age":34,"country":"Russia","phone":"686-219-0945"},
{"id":134,"first_name":"Owen","last_name":"Hambleton","email":"ohambleton3p@answers.com","date_of_birth":"2009-09-21T21:21:36Z","age":26,"country":"China","phone":"407-593-7541"},
{"id":135,"first_name":"Meredithe","last_name":"Singers","email":"msingers3q@foxnews.com","date_of_birth":"1976-09-11T03:12:56Z","age":35,"country":"Indonesia","phone":"272-952-3652"},
{"id":136,"first_name":"Keely","last_name":"Ceaser","email":"kceaser3r@google.ru","date_of_birth":"2007-12-12T05:44:58Z","age":19,"country":"Indonesia","phone":"810-946-9375"},
{"id":137,"first_name":"Lion","last_name":"Yvens","email":"lyvens3s@about.me","date_of_birth":"1977-06-02T03:45:34Z","age":51,"country":"Sri Lanka","phone":"827-202-7738"},
{"id":138,"first_name":"Lawrence","last_name":"Seawright","email":"lseawright3t@google.com.br","date_of_birth":"1982-02-03T00:24:22Z","age":41,"country":"China","phone":"301-222-3358"},
{"id":139,"first_name":"Camile","last_name":"Callar","email":"ccallar3u@studiopress.com","date_of_birth":"1975-09-29T21:43:34Z","age":39,"country":"Benin","phone":"756-910-2483"},
{"id":140,"first_name":"Brunhilda","last_name":"Shillum","email":"bshillum3v@quantcast.com","date_of_birth":"1977-09-05T05:28:24Z","age":30,"country":"United States","phone":"832-546-3909"},
{"id":141,"first_name":"Antonio","last_name":"Norssister","email":"anorssister3w@mayoclinic.com","date_of_birth":"1997-06-09T01:08:30Z","age":49,"country":"China","phone":"277-833-3780"},
{"id":142,"first_name":"Tobye","last_name":"Boar","email":"tboar3x@un.org","date_of_birth":"1987-10-04T18:21:37Z","age":20,"country":"China","phone":"663-632-7635"},
{"id":143,"first_name":"Murial","last_name":"Gurnay","email":"mgurnay3y@godaddy.com","date_of_birth":"1977-12-20T18:04:14Z","age":20,"country":"Syria","phone":"129-627-4594"},
{"id":144,"first_name":"Gilles","last_name":"Janaszkiewicz","email":"gjanaszkiewicz3z@europa.eu","date_of_birth":"1981-11-08T00:59:05Z","age":21,"country":"South Africa","phone":"353-406-3248"},
{"id":145,"first_name":"Willabella","last_name":"Baltzar","email":"wbaltzar40@sina.com.cn","date_of_birth":"2013-09-13T18:23:46Z","age":27,"country":"Tunisia","phone":"935-201-3223"},
{"id":146,"first_name":"Marcille","last_name":"Blint","email":"mblint41@indiegogo.com","date_of_birth":"2013-08-11T00:43:12Z","age":28,"country":"China","phone":"845-271-8552"},
{"id":147,"first_name":"Rickie","last_name":"Ondrousek","email":"rondrousek42@github.io","date_of_birth":"1974-09-12T04:36:57Z","age":50,"country":"Greece","phone":"845-906-3629"},
{"id":148,"first_name":"Ole","last_name":"Vallender","email":"ovallender43@networkadvertising.org","date_of_birth":"2020-07-14T01:38:29Z","age":21,"country":"Poland","phone":"467-692-3662"},
{"id":149,"first_name":"Joli","last_name":"Itzcak","email":"jitzcak44@homestead.com","date_of_birth":"1976-04-09T20:29:30Z","age":30,"country":"Sweden","phone":"965-855-6628"},
{"id":150,"first_name":"Hubey","last_name":"McIllroy","email":"hmcillroy45@over-blog.com","date_of_birth":"1985-03-15T12:43:41Z","age":31,"country":"China","phone":"569-158-3374"},
{"id":151,"first_name":"Owen","last_name":"Korn","email":"okorn46@foxnews.com","date_of_birth":"2004-04-15T01:08:30Z","age":34,"country":"Poland","phone":"211-923-8114"},
{"id":152,"first_name":"Cobby","last_name":"Flaunders","email":"cflaunders47@4shared.com","date_of_birth":"2019-03-29T03:57:04Z","age":53,"country":"Poland","phone":"171-400-4540"},
{"id":153,"first_name":"Kellen","last_name":"Behling","email":"kbehling48@hatena.ne.jp","date_of_birth":"2003-04-20T00:35:36Z","age":18,"country":"Egypt","phone":"354-570-8081"},
{"id":154,"first_name":"Clywd","last_name":"McAmish","email":"cmcamish49@paypal.com","date_of_birth":"2001-05-15T12:20:43Z","age":18,"country":"United States","phone":"512-793-4720"},
{"id":155,"first_name":"Bucky","last_name":"Joerning","email":"bjoerning4a@wikia.com","date_of_birth":"1991-03-09T02:53:47Z","age":53,"country":"United States","phone":"904-204-1953"},
{"id":156,"first_name":"Carol-jean","last_name":"Cutsforth","email":"ccutsforth4b@163.com","date_of_birth":"1978-09-05T10:24:23Z","age":52,"country":"Kyrgyzstan","phone":"743-255-9391"},
{"id":157,"first_name":"Sherlocke","last_name":"Kilmurray","email":"skilmurray4c@jigsy.com","date_of_birth":"1991-12-11T10:49:59Z","age":42,"country":"Philippines","phone":"982-388-1669"},
{"id":158,"first_name":"Crystal","last_name":"Yarnold","email":"cyarnold4d@wired.com","date_of_birth":"2002-03-07T08:09:18Z","age":29,"country":"Serbia","phone":"302-388-1543"},
{"id":159,"first_name":"Melesa","last_name":"Hentze","email":"mhentze4e@github.com","date_of_birth":"1998-03-12T04:03:16Z","age":23,"country":"Malaysia","phone":"603-872-7817"},
{"id":160,"first_name":"Kenon","last_name":"Tickle","email":"ktickle4f@last.fm","date_of_birth":"1996-04-04T04:41:27Z","age":54,"country":"China","phone":"679-850-9681"},
{"id":161,"first_name":"Norris","last_name":"Andries","email":"nandries4g@wp.com","date_of_birth":"2014-02-13T02:45:40Z","age":42,"country":"Portugal","phone":"878-634-7350"},
{"id":162,"first_name":"Rae","last_name":"Blaschke","email":"rblaschke4h@quantcast.com","date_of_birth":"1978-09-26T00:28:48Z","age":54,"country":"France","phone":"993-447-1148"},
{"id":163,"first_name":"Denver","last_name":"Baird","email":"dbaird4i@alibaba.com","date_of_birth":"1972-07-02T00:22:05Z","age":19,"country":"Philippines","phone":"101-223-5257"},
{"id":164,"first_name":"Merry","last_name":"Beattie","email":"mbeattie4j@rambler.ru","date_of_birth":"2004-03-30T17:05:54Z","age":32,"country":"Philippines","phone":"970-603-9122"},
{"id":165,"first_name":"Georas","last_name":"Cicccitti","email":"gcicccitti4k@yale.edu","date_of_birth":"1974-11-28T23:40:31Z","age":43,"country":"Portugal","phone":"359-698-2748"},
{"id":166,"first_name":"Sheppard","last_name":"Attwool","email":"sattwool4l@instagram.com","date_of_birth":"2017-07-02T00:35:09Z","age":41,"country":"Indonesia","phone":"934-317-5389"},
{"id":167,"first_name":"Stanford","last_name":"Sherrin","email":"ssherrin4m@cyberchimps.com","date_of_birth":"2001-10-16T07:13:23Z","age":19,"country":"Poland","phone":"220-389-1983"},
{"id":168,"first_name":"Torry","last_name":"Johl","email":"tjohl4n@google.de","date_of_birth":"1971-03-08T04:38:29Z","age":47,"country":"China","phone":"587-895-0999"},
{"id":169,"first_name":"Gretna","last_name":"Pinson","email":"gpinson4o@china.com.cn","date_of_birth":"1973-05-14T12:19:56Z","age":48,"country":"Poland","phone":"916-451-7192"},
{"id":170,"first_name":"Alaine","last_name":"Chislett","email":"achislett4p@bbb.org","date_of_birth":"2009-05-16T11:48:28Z","age":25,"country":"Antigua and Barbuda","phone":"121-523-5405"},
{"id":171,"first_name":"Geralda","last_name":"McParland","email":"gmcparland4q@github.com","date_of_birth":"1984-06-17T01:35:24Z","age":40,"country":"Ukraine","phone":"547-195-7163"},
{"id":172,"first_name":"Ellery","last_name":"Clegg","email":"eclegg4r@yellowpages.com","date_of_birth":"1995-01-10T11:19:09Z","age":41,"country":"Ivory Coast","phone":"511-146-3724"},
{"id":173,"first_name":"Leupold","last_name":"Bertolaccini","email":"lbertolaccini4s@feedburner.com","date_of_birth":"1980-09-01T01:29:24Z","age":40,"country":"Sweden","phone":"468-326-7517"},
{"id":174,"first_name":"Charmian","last_name":"Trickey","email":"ctrickey4t@netlog.com","date_of_birth":"1994-01-21T02:50:39Z","age":56,"country":"Poland","phone":"798-730-3358"},
{"id":175,"first_name":"Cordie","last_name":"Obert","email":"cobert4u@newyorker.com","date_of_birth":"2018-10-29T23:08:46Z","age":54,"country":"Indonesia","phone":"850-825-2963"},
{"id":176,"first_name":"Chuck","last_name":"Basley","email":"cbasley4v@macromedia.com","date_of_birth":"1991-03-05T17:04:42Z","age":20,"country":"Peru","phone":"915-230-0452"},
{"id":177,"first_name":"Lucilia","last_name":"Hazart","email":"lhazart4w@qq.com","date_of_birth":"1993-01-02T14:47:13Z","age":54,"country":"Palestinian Territory","phone":"665-280-9802"},
{"id":178,"first_name":"Susi","last_name":"Gillbanks","email":"sgillbanks4x@hp.com","date_of_birth":"1978-10-12T01:43:32Z","age":42,"country":"Indonesia","phone":"956-835-8977"},
{"id":179,"first_name":"Alain","last_name":"Alty","email":"aalty4y@sohu.com","date_of_birth":"1985-09-13T03:33:07Z","age":58,"country":"Vietnam","phone":"810-333-2947"},
{"id":180,"first_name":"Anallese","last_name":"Chirm","email":"achirm4z@blogtalkradio.com","date_of_birth":"2016-09-17T07:45:38Z","age":31,"country":"China","phone":"460-283-8324"},
{"id":181,"first_name":"Rosene","last_name":"Edmeades","email":"redmeades50@usa.gov","date_of_birth":"1985-10-31T12:56:34Z","age":29,"country":"Libya","phone":"324-298-3314"},
{"id":182,"first_name":"Allie","last_name":"Cunde","email":"acunde51@yandex.ru","date_of_birth":"1996-11-25T21:39:49Z","age":40,"country":"Indonesia","phone":"414-325-7510"},
{"id":183,"first_name":"Felice","last_name":"McKiernan","email":"fmckiernan52@pbs.org","date_of_birth":"2011-08-10T20:16:54Z","age":40,"country":"Indonesia","phone":"460-184-3939"},
{"id":184,"first_name":"Kikelia","last_name":"Gellion","email":"kgellion53@reddit.com","date_of_birth":"1980-03-15T12:21:31Z","age":25,"country":"China","phone":"834-644-4452"},
{"id":185,"first_name":"Darnell","last_name":"Daniel","email":"ddaniel54@phoca.cz","date_of_birth":"1979-05-20T16:41:19Z","age":37,"country":"Sweden","phone":"212-695-2757"},
{"id":186,"first_name":"Petronella","last_name":"Carden","email":"pcarden55@netvibes.com","date_of_birth":"2003-05-06T19:47:39Z","age":20,"country":"Finland","phone":"723-768-0180"},
{"id":187,"first_name":"Vinson","last_name":"Itzkowicz","email":"vitzkowicz56@ucoz.ru","date_of_birth":"1970-11-29T09:03:40Z","age":29,"country":"Greece","phone":"191-327-4887"},
{"id":188,"first_name":"Sande","last_name":"Petters","email":"spetters57@sun.com","date_of_birth":"2007-02-03T11:02:00Z","age":47,"country":"France","phone":"974-826-4935"},
{"id":189,"first_name":"Tracee","last_name":"Casson","email":"tcasson58@pinterest.com","date_of_birth":"1994-12-11T07:38:41Z","age":23,"country":"Sweden","phone":"739-272-2773"},
{"id":190,"first_name":"Eustacia","last_name":"Batram","email":"ebatram59@craigslist.org","date_of_birth":"2014-06-01T20:20:00Z","age":51,"country":"Indonesia","phone":"364-369-7963"},
{"id":191,"first_name":"Zerk","last_name":"Westmacott","email":"zwestmacott5a@goo.gl","date_of_birth":"1995-11-01T03:53:48Z","age":39,"country":"Colombia","phone":"588-656-5734"},
{"id":192,"first_name":"Hermina","last_name":"Duffrie","email":"hduffrie5b@cisco.com","date_of_birth":"1979-08-29T13:13:46Z","age":49,"country":"Indonesia","phone":"577-996-4677"},
{"id":193,"first_name":"Pasquale","last_name":"Dagworthy","email":"pdagworthy5c@washingtonpost.com","date_of_birth":"1993-09-05T10:57:31Z","age":29,"country":"China","phone":"858-730-7082"},
{"id":194,"first_name":"Murdock","last_name":"Daintry","email":"mdaintry5d@oracle.com","date_of_birth":"1986-01-09T08:41:56Z","age":26,"country":"Greece","phone":"986-674-7463"},
{"id":195,"first_name":"Vinita","last_name":"Corson","email":"vcorson5e@uiuc.edu","date_of_birth":"1975-04-01T03:02:22Z","age":22,"country":"Japan","phone":"114-153-2678"},
{"id":196,"first_name":"Vickie","last_name":"Hudel","email":"vhudel5f@telegraph.co.uk","date_of_birth":"1982-03-19T10:15:24Z","age":23,"country":"Lithuania","phone":"737-348-1127"},
{"id":197,"first_name":"Shayne","last_name":"Cradduck","email":"scradduck5g@nps.gov","date_of_birth":"2000-01-14T23:41:39Z","age":39,"country":"Brazil","phone":"721-732-7869"},
{"id":198,"first_name":"Olvan","last_name":"Leggen","email":"oleggen5h@dot.gov","date_of_birth":"1987-07-13T12:38:14Z","age":36,"country":"China","phone":"939-872-9783"},
{"id":199,"first_name":"Wilone","last_name":"Wardlow","email":"wwardlow5i@apache.org","date_of_birth":"2002-02-06T07:36:03Z","age":27,"country":"Poland","phone":"542-142-8103"},
{"id":200,"first_name":"Dita","last_name":"Dorre","email":"ddorre5j@etsy.com","date_of_birth":"1991-07-30T04:59:23Z","age":25,"country":"Honduras","phone":"929-866-2036"}]